id,name,model_id:id,group_id:id,perm_read,perm_write,perm_create,perm_unlink
access_shopify_order_user,access.shopify.order,model_shopify_order,base.group_user,1,1,1,0
access_shopify_order_line_user,access.shopify.order.line,model_shopify_order_line,base.group_user,1,1,1,0
access_fulfillment_box_user,access.fulfillment.box,model_fulfillment_box,base.group_user,1,1,1,0
access_fulfillment_shipment_user,access.fulfillment.shipment,model_fulfillment_shipment,base.group_user,1,1,1,1
access_fulfillment_shipment_group_user,access.fulfillment.shipment.group,model_fulfillment_shipment_group,base.group_user,1,1,1,1
access_print_job_user,access.print.job,model_print_job,base.group_user,1,1,1,0
access_print_test_wizard_user,access.print.test.wizard,model_print_test_wizard,base.group_user,1,1,1,1
access_shopify_config_wizard_user,access.shopify.config.wizard.admin,model_shopify_config_wizard,base.group_system,1,1,1,1
access_shippo_recent_transaction_user,access.shippo.recent.transaction,model_shippo_recent_transaction,base.group_user,1,1,1,1
access_fulfillment_rate_audit_user,access.fulfillment.rate.audit,model_fulfillment_rate_audit,base.group_user,1,1,1,1
access_shopify_restock_item_user,access.fulfillment.restock.item,model_fulfillment_restock_item,base.group_user,1,1,1,1
access_packing_label_employee,packing.label.employee,model_fulfillment_packing_label,shopify_fulfillment.group_packing_employee,1,0,0,0
access_packing_receipt_supervisor,packing.receipt.supervisor,model_fulfillment_packing_receipt,shopify_fulfillment.group_packing_supervisor,1,0,0,0
access_packing_wizard_employee,packing.wizard.employee,model_fulfillment_packing_wizard,shopify_fulfillment.group_packing_employee,1,1,1,1
access_packing_wizard_line_employee,packing.wizard.line.employee,model_fulfillment_packing_wizard_line,shopify_fulfillment.group_packing_employee,1,1,1,1
